Date/Time,Water Level (m)
30/06/2026 10:47,0.33
30/06/2026 11:07,0.28
30/06/2026 11:21,0.23
30/06/2026 11:42,0.18
30/06/2026 12:01,0.13
30/06/2026 12:21,0.08
30/06/2026 12:43,0.03
30/06/2026 13:05,-0.02
30/06/2026 13:21,-0.07
30/06/2026 13:46,-0.12
30/06/2026 14:07,-0.17
30/06/2026 14:21,-0.22
30/06/2026 14:55,-0.27
30/06/2026 15:21,-0.32
30/06/2026 16:21,-0.32
30/06/2026 16:39,-0.27
30/06/2026 16:58,-0.22
30/06/2026 17:13,-0.17
30/06/2026 17:21,-0.12
30/06/2026 17:41,-0.07
30/06/2026 17:55,-0.02
30/06/2026 18:09,0.03
30/06/2026 18:21,0.08
30/06/2026 18:36,0.13
30/06/2026 18:36,0.08
30/06/2026 18:49,0.18
30/06/2026 19:00,0.23
30/06/2026 19:12,0.28
30/06/2026 19:21,0.33
30/06/2026 19:34,0.38
30/06/2026 19:46,0.43
30/06/2026 19:57,0.48
30/06/2026 20:21,0.58
30/06/2026 20:32,0.63
30/06/2026 20:44,0.68
30/06/2026 20:59,0.73
30/06/2026 21:11,0.78
30/06/2026 21:21,0.83
30/06/2026 21:44,0.88
30/06/2026 22:08,0.93
30/06/2026 22:21,0.93
30/06/2026 23:12,0.88
30/06/2026 23:21,0.88
30/06/2026 23:35,0.83
30/06/2026 23:49,0.78
01/07/2026 00:02,0.73
01/07/2026 00:16,0.68
01/07/2026 00:21,0.68
01/07/2026 00:30,0.63
01/07/2026 00:44,0.58
01/07/2026 00:58,0.53
01/07/2026 01:14,0.48
01/07/2026 01:21,0.48
01/07/2026 01:29,0.43
01/07/2026 01:44,0.38
01/07/2026 02:01,0.33
01/07/2026 02:02,0.33
01/07/2026 02:15,0.28
01/07/2026 02:21,0.28
01/07/2026 02:31,0.23
01/07/2026 02:47,0.18
01/07/2026 03:05,0.13
01/07/2026 03:21,0.08
01/07/2026 03:38,0.03
01/07/2026 03:57,-0.02
01/07/2026 04:14,-0.07
01/07/2026 04:22,-0.07
01/07/2026 04:38,-0.12
01/07/2026 05:01,-0.17
01/07/2026 05:22,-0.22
01/07/2026 06:10,-0.17
01/07/2026 06:21,-0.17
01/07/2026 06:36,-0.12
01/07/2026 06:52,-0.07
01/07/2026 07:07,-0.02
01/07/2026 07:21,0.03
01/07/2026 07:41,0.08
01/07/2026 07:58,0.13
01/07/2026 08:16,0.18
01/07/2026 08:22,0.18
01/07/2026 08:35,0.23
01/07/2026 08:55,0.28
01/07/2026 09:17,0.33
01/07/2026 09:21,0.33
01/07/2026 09:41,0.38
01/07/2026 10:22,0.43
01/07/2026 11:13,0.38
01/07/2026 11:22,0.38
01/07/2026 11:36,0.33
01/07/2026 11:53,0.28
01/07/2026 12:09,0.23
01/07/2026 12:21,0.18
01/07/2026 12:48,0.13
01/07/2026 13:07,0.08
01/07/2026 13:22,0.03
01/07/2026 13:47,-0.02
01/07/2026 14:06,-0.07
01/07/2026 14:22,-0.12
01/07/2026 14:53,-0.17
01/07/2026 15:17,-0.22
01/07/2026 15:22,-0.22
01/07/2026 15:46,-0.27
01/07/2026 16:22,-0.32
01/07/2026 17:03,-0.27
01/07/2026 17:03,-0.27
01/07/2026 17:22,-0.22
01/07/2026 17:38,-0.17
01/07/2026 17:53,-0.12
01/07/2026 18:06,-0.07
01/07/2026 18:20,-0.02
01/07/2026 18:22,-0.02
01/07/2026 18:35,0.03
01/07/2026 19:01,0.13
01/07/2026 19:13,0.18
01/07/2026 19:22,0.23
01/07/2026 19:39,0.28
01/07/2026 19:50,0.33
01/07/2026 20:12,0.43
01/07/2026 20:22,0.48
01/07/2026 20:34,0.53
01/07/2026 20:46,0.58
01/07/2026 20:57,0.63
01/07/2026 21:09,0.68
01/07/2026 21:22,0.73
01/07/2026 21:36,0.78
01/07/2026 21:48,0.83
01/07/2026 22:05,0.88
01/07/2026 22:22,0.93
01/07/2026 23:22,0.93
01/07/2026 23:56,0.88
02/07/2026 00:13,0.83
02/07/2026 00:22,0.78
02/07/2026 00:41,0.73
02/07/2026 00:54,0.68
02/07/2026 01:09,0.63
02/07/2026 01:22,0.58
02/07/2026 01:39,0.53
02/07/2026 01:54,0.48
02/07/2026 02:09,0.43
02/07/2026 02:22,0.38
02/07/2026 02:39,0.33
02/07/2026 02:54,0.28
02/07/2026 03:10,0.23
02/07/2026 03:22,0.18
02/07/2026 03:43,0.13
02/07/2026 03:59,0.08
02/07/2026 04:15,0.03
02/07/2026 04:22,0.03
02/07/2026 04:34,-0.02
02/07/2026 04:53,-0.07
02/07/2026 05:16,-0.12
02/07/2026 05:22,-0.12
02/07/2026 05:41,-0.17
02/07/2026 06:22,-0.22
02/07/2026 07:00,-0.17
02/07/2026 07:16,-0.12
02/07/2026 07:22,-0.12
02/07/2026 07:36,-0.07
02/07/2026 07:54,-0.02
02/07/2026 08:21,0.08
02/07/2026 08:36,0.13
02/07/2026 08:56,0.18
02/07/2026 09:13,0.23
02/07/2026 09:22,0.23
02/07/2026 09:33,0.28
02/07/2026 09:54,0.33
02/07/2026 10:17,0.38
02/07/2026 10:22,0.38
02/07/2026 11:22,0.38
02/07/2026 12:04,0.33
02/07/2026 12:22,0.28
02/07/2026 12:39,0.23
02/07/2026 12:57,0.18
02/07/2026 13:15,0.13
02/07/2026 13:22,0.13
02/07/2026 13:36,0.08
02/07/2026 13:55,0.03
02/07/2026 14:16,-0.02
02/07/2026 14:22,-0.02
02/07/2026 14:38,-0.07
02/07/2026 15:00,-0.12
02/07/2026 15:22,-0.17
02/07/2026 15:44,-0.22
02/07/2026 16:05,-0.27
02/07/2026 16:22,-0.27
02/07/2026 16:52,-0.32
02/07/2026 17:22,-0.32
02/07/2026 17:57,-0.27
02/07/2026 18:13,-0.22
02/07/2026 18:22,-0.17
02/07/2026 18:42,-0.12
02/07/2026 18:55,-0.07
02/07/2026 19:08,-0.02
02/07/2026 19:22,0.03
02/07/2026 19:36,0.08
02/07/2026 19:48,0.13
02/07/2026 20:02,0.18
02/07/2026 20:15,0.23
02/07/2026 20:22,0.28
02/07/2026 20:37,0.33
02/07/2026 20:49,0.38
02/07/2026 21:00,0.43
02/07/2026 21:11,0.48
02/07/2026 21:22,0.53
02/07/2026 21:35,0.58
02/07/2026 21:49,0.63
02/07/2026 22:00,0.68
02/07/2026 22:14,0.73
02/07/2026 22:44,0.83
02/07/2026 23:05,0.88
02/07/2026 23:22,0.93
03/07/2026 00:19,0.88
03/07/2026 00:22,0.88
03/07/2026 00:37,0.83
03/07/2026 00:37,0.93
03/07/2026 00:53,0.78
03/07/2026 01:05,0.73
03/07/2026 01:18,0.68
03/07/2026 01:22,0.68
03/07/2026 01:33,0.63
03/07/2026 01:49,0.58
03/07/2026 02:05,0.53
03/07/2026 02:19,0.48
03/07/2026 02:22,0.48
03/07/2026 02:35,0.43
03/07/2026 02:49,0.38
03/07/2026 03:03,0.33
03/07/2026 03:21,0.28
03/07/2026 03:22,0.48
03/07/2026 03:52,0.18
03/07/2026 04:09,0.13
03/07/2026 04:22,0.08
03/07/2026 04:41,0.03
03/07/2026 05:00,-0.02
03/07/2026 05:20,-0.07
03/07/2026 05:22,-0.07
03/07/2026 05:40,-0.12
03/07/2026 06:02,-0.17
03/07/2026 06:22,-0.22
03/07/2026 07:22,-0.22
03/07/2026 07:45,-0.17
03/07/2026 08:01,-0.12
03/07/2026 08:17,-0.07
03/07/2026 08:22,-0.07
03/07/2026 08:33,-0.02
03/07/2026 08:46,0.03
03/07/2026 09:03,0.08
03/07/2026 09:21,0.13
03/07/2026 09:22,0.13
03/07/2026 09:38,0.18
03/07/2026 09:54,0.23
03/07/2026 10:15,0.28
03/07/2026 10:22,0.28
03/07/2026 10:33,0.33
03/07/2026 10:58,0.38
03/07/2026 11:22,0.43
03/07/2026 12:22,0.38
03/07/2026 12:44,0.33
03/07/2026 13:04,0.28
03/07/2026 13:21,0.23
03/07/2026 13:22,0.23
03/07/2026 13:41,0.18
03/07/2026 14:02,0.13
03/07/2026 14:16,0.18
03/07/2026 14:22,0.08
03/07/2026 14:43,0.03
03/07/2026 15:01,-0.02
03/07/2026 15:22,-0.07
03/07/2026 15:45,-0.12
03/07/2026 16:07,-0.17
03/07/2026 16:22,-0.22
03/07/2026 17:05,-0.27
03/07/2026 17:22,-0.27
03/07/2026 18:22,-0.27
03/07/2026 18:36,-0.22
03/07/2026 18:54,-0.17
03/07/2026 19:08,-0.12
03/07/2026 19:22,-0.07
03/07/2026 19:38,-0.02
03/07/2026 19:52,0.03
03/07/2026 20:09,0.08
03/07/2026 20:22,0.13
03/07/2026 20:36,0.18
03/07/2026 20:51,0.23
03/07/2026 21:03,0.28
03/07/2026 21:15,0.33
03/07/2026 21:22,0.33
03/07/2026 21:29,0.38
03/07/2026 21:42,0.43
03/07/2026 21:54,0.48
03/07/2026 22:08,0.53
03/07/2026 22:22,0.58
03/07/2026 22:35,0.63
03/07/2026 22:50,0.68
03/07/2026 23:06,0.73
03/07/2026 23:22,0.78
03/07/2026 23:49,0.83
04/07/2026 00:22,0.83
04/07/2026 00:58,0.78
04/07/2026 01:13,0.73
04/07/2026 01:22,0.73
04/07/2026 01:31,0.68
04/07/2026 01:46,0.63
04/07/2026 02:01,0.58
04/07/2026 02:02,0.58
04/07/2026 02:17,0.53
04/07/2026 02:22,0.53
04/07/2026 02:32,0.48
04/07/2026 02:46,0.43
04/07/2026 03:02,0.38
04/07/2026 03:18,0.33
04/07/2026 03:22,0.33
04/07/2026 03:35,0.28
04/07/2026 03:51,0.23
04/07/2026 04:08,0.18
04/07/2026 04:22,0.13
04/07/2026 04:58,0.03
04/07/2026 05:14,-0.02
04/07/2026 05:22,-0.02
04/07/2026 05:34,-0.07
04/07/2026 05:53,-0.12
04/07/2026 06:15,-0.17
04/07/2026 06:22,-0.17
04/07/2026 06:42,-0.22
04/07/2026 06:42,-0.22
04/07/2026 06:42,-0.22
04/07/2026 07:22,-0.27
04/07/2026 08:17,-0.22
04/07/2026 08:22,-0.22
04/07/2026 08:36,-0.17
04/07/2026 08:49,-0.12
04/07/2026 09:06,-0.07
04/07/2026 09:22,0.03
04/07/2026 09:22,-0.02
04/07/2026 09:37,0.03
04/07/2026 09:53,0.08
04/07/2026 10:10,0.13
04/07/2026 10:22,0.18
04/07/2026 10:48,0.23
04/07/2026 11:11,0.28
04/07/2026 11:22,0.33
04/07/2026 11:54,0.38
04/07/2026 12:22,0.38
04/07/2026 13:22,0.33
04/07/2026 13:46,0.28
04/07/2026 14:06,0.23
04/07/2026 14:22,0.18
04/07/2026 14:46,0.13
04/07/2026 15:05,0.08
04/07/2026 15:22,0.03
04/07/2026 15:49,0.03
04/07/2026 15:49,-0.02
04/07/2026 16:09,-0.07
04/07/2026 16:22,-0.07
04/07/2026 16:33,-0.12
04/07/2026 16:58,-0.17
04/07/2026 17:22,-0.22
04/07/2026 18:12,-0.27
04/07/2026 18:22,-0.27
04/07/2026 19:10,-0.22
04/07/2026 19:10,-0.02
04/07/2026 19:22,-0.17
04/07/2026 19:43,-0.12
04/07/2026 20:00,-0.07
04/07/2026 20:14,-0.02
04/07/2026 20:22,-0.02
04/07/2026 20:30,0.03
04/07/2026 20:46,0.08
04/07/2026 20:59,0.13
04/07/2026 21:14,0.18
04/07/2026 21:22,0.23
04/07/2026 21:41,0.28
04/07/2026 21:54,0.33
04/07/2026 22:07,0.38
04/07/2026 22:20,0.43
04/07/2026 22:22,0.43
04/07/2026 22:33,0.48
04/07/2026 22:46,0.53
04/07/2026 23:01,0.58
04/07/2026 23:16,0.63
04/07/2026 23:22,0.63
04/07/2026 23:32,0.68
04/07/2026 23:49,0.73
05/07/2026 00:13,0.78
05/07/2026 00:22,0.78
05/07/2026 01:22,0.78
05/07/2026 01:51,0.73
05/07/2026 02:06,0.68
05/07/2026 02:20,0.63
05/07/2026 02:22,0.63
05/07/2026 02:34,0.58
05/07/2026 02:47,0.53
05/07/2026 03:05,0.48
05/07/2026 03:20,0.43
05/07/2026 03:22,0.43
05/07/2026 03:36,0.38
05/07/2026 03:55,0.33
05/07/2026 04:11,0.28
05/07/2026 04:22,0.23
05/07/2026 04:42,0.18
05/07/2026 04:59,0.13
05/07/2026 05:18,0.08
05/07/2026 05:22,0.08
05/07/2026 05:36,0.03
05/07/2026 05:54,-0.02
05/07/2026 06:13,-0.07
05/07/2026 06:22,-0.07
05/07/2026 06:34,-0.12
05/07/2026 06:56,-0.17
05/07/2026 07:21,-0.22
05/07/2026 07:22,-0.22
05/07/2026 08:22,-0.27
05/07/2026 08:52,-0.22
05/07/2026 09:08,-0.17
05/07/2026 09:22,-0.12
05/07/2026 09:42,-0.07
05/07/2026 09:57,-0.02
05/07/2026 10:14,0.03
05/07/2026 10:22,0.03
05/07/2026 10:32,0.08
05/07/2026 10:50,0.13
05/07/2026 11:06,0.18
05/07/2026 11:22,0.23
05/07/2026 11:50,0.28
05/07/2026 12:13,0.33
05/07/2026 12:22,0.33
05/07/2026 12:39,0.38
05/07/2026 13:22,0.38
05/07/2026 14:12,0.33
05/07/2026 14:22,0.33
05/07/2026 14:38,0.28
05/07/2026 14:58,0.23
05/07/2026 15:18,0.18
05/07/2026 15:22,0.18
05/07/2026 15:35,0.13
05/07/2026 15:54,0.08
05/07/2026 16:20,0.03
05/07/2026 16:22,0.03
05/07/2026 16:42,-0.02
05/07/2026 17:04,-0.07
05/07/2026 17:22,-0.12
05/07/2026 17:54,-0.17
05/07/2026 18:22,-0.22
05/07/2026 19:22,-0.22
05/07/2026 19:50,-0.17
05/07/2026 20:07,-0.12
05/07/2026 20:22,-0.07
05/07/2026 20:43,-0.02
05/07/2026 20:59,0.03
05/07/2026 21:16,0.08
05/07/2026 21:22,0.08
05/07/2026 21:35,0.13
05/07/2026 21:50,0.18
05/07/2026 22:05,0.23
05/07/2026 22:18,0.28
05/07/2026 22:22,0.28
05/07/2026 22:32,0.33
05/07/2026 22:47,0.38
05/07/2026 23:03,0.43
05/07/2026 23:17,0.48
05/07/2026 23:22,0.48
05/07/2026 23:30,0.53
05/07/2026 23:44,0.58
06/07/2026 00:00,0.63
06/07/2026 00:17,0.68
06/07/2026 00:22,0.68
06/07/2026 00:38,0.73
06/07/2026 01:04,0.78
06/07/2026 01:22,0.78
06/07/2026 02:22,0.73
06/07/2026 02:45,0.68
06/07/2026 03:02,0.63
06/07/2026 03:16,0.58
06/07/2026 03:22,0.58
06/07/2026 03:31,0.53
06/07/2026 03:48,0.48
06/07/2026 04:03,0.43
06/07/2026 04:19,0.38
06/07/2026 04:22,0.38
06/07/2026 04:36,0.33
06/07/2026 04:55,0.28
06/07/2026 05:12,0.23
06/07/2026 05:22,0.18
06/07/2026 05:45,0.13
06/07/2026 06:01,0.08
06/07/2026 06:22,0.03
06/07/2026 06:42,-0.02
06/07/2026 07:02,-0.07
06/07/2026 07:22,-0.12
06/07/2026 07:48,-0.17
06/07/2026 08:21,-0.22
06/07/2026 08:22,-0.22
06/07/2026 09:22,-0.17
06/07/2026 09:45,-0.12
06/07/2026 10:05,-0.07
06/07/2026 10:21,-0.02
06/07/2026 10:22,-0.02
06/07/2026 10:39,0.03
06/07/2026 10:39,0.03
06/07/2026 10:54,0.08
06/07/2026 11:10,0.13
06/07/2026 11:22,0.18
06/07/2026 11:50,0.23
06/07/2026 12:08,0.28
06/07/2026 12:22,0.33
06/07/2026 12:46,0.38
06/07/2026 13:15,0.43
06/07/2026 13:22,0.43
06/07/2026 13:51,0.48
06/07/2026 14:22,0.48
06/07/2026 15:07,0.43
06/07/2026 15:22,0.38
06/07/2026 15:48,0.33
06/07/2026 16:06,0.28
06/07/2026 16:22,0.23
06/07/2026 16:46,0.18
06/07/2026 17:07,0.13
06/07/2026 17:22,0.08
06/07/2026 17:22,0.13
06/07/2026 17:56,0.03
06/07/2026 18:19,-0.02
06/07/2026 18:22,-0.02
06/07/2026 18:50,-0.07
06/07/2026 19:22,-0.07
06/07/2026 20:22,-0.07
06/07/2026 20:52,-0.02
06/07/2026 21:10,0.03
06/07/2026 21:22,0.08
06/07/2026 21:42,0.13
06/07/2026 21:59,0.18
06/07/2026 22:16,0.23
06/07/2026 22:22,0.23
06/07/2026 22:35,0.28
06/07/2026 22:51,0.33
06/07/2026 23:06,0.38
06/07/2026 23:22,0.43
06/07/2026 23:38,0.48
06/07/2026 23:52,0.53
07/07/2026 00:10,0.58
07/07/2026 00:22,0.63
07/07/2026 00:42,0.68
07/07/2026 01:02,0.73
07/07/2026 01:22,0.78
07/07/2026 02:09,0.83
07/07/2026 02:22,0.83
07/07/2026 03:07,0.78
07/07/2026 03:22,0.73
07/07/2026 03:37,0.68
07/07/2026 03:52,0.63
07/07/2026 04:08,0.58
07/07/2026 04:22,0.53
07/07/2026 04:42,0.48
07/07/2026 04:59,0.43
07/07/2026 05:16,0.38
07/07/2026 05:22,0.38
07/07/2026 05:35,0.33
07/07/2026 05:35,0.33
07/07/2026 05:52,0.28
07/07/2026 06:08,0.23
07/07/2026 06:22,0.18
07/07/2026 06:44,0.13
07/07/2026 07:04,0.08
07/07/2026 07:21,0.03
07/07/2026 07:45,-0.02
07/07/2026 08:05,-0.07
07/07/2026 08:22,-0.12
07/07/2026 09:10,-0.17
07/07/2026 09:22,-0.17
07/07/2026 09:27,-0.17
07/07/2026 09:29,0.03
07/07/2026 09:30,-0.17
07/07/2026 09:37,-0.17
07/07/2026 09:58,-0.12
07/07/2026 10:18,-0.07
