OBJECTID,LOCATION_NAME,LOCATION_ID,DATA_AVAILABLE_BETWEEN,LATITUDE,LONGITUDE,DEPTH,README,DOWNLOAD_METADATA,LIVE_WAVE,DOWNLOAD_DATA,LICENCE,PRODUCTION_DATE,STATUS,LIVEGIF_DIRPRD,LIVEGIF_DIR,LIVEGIF_HS
1,Bremer Bay 01,BRE34,22/05/1992 and 12/12/1993,-34.425819  (GDA2020),119.396954  (GDA2020),6m,https://s3-ap-southeast-2.amazonaws.com/transport.wa/WAVERIDER_DEPLOYMENTS/WAVE_READ_ME.htm,https://s3-ap-southeast-2.amazonaws.com/transport.wa/WAVERIDER_DEPLOYMENTS/DeploymentMetadata/BRE34_Metadata.zip,,https://s3-ap-southeast-2.amazonaws.com/transport.wa/WAVERIDER_DEPLOYMENTS/WaveRider_Yearly_Processed/BRE34_YEARLY_PROCESSED.zip,http://creativecommons.org/licenses/by/4.0/,Dataset Produced on 10/12/2024 13:52,#Historic,,,
2,Denison 03,DEN05,29/10/1975 and 02/12/1976,-29.274987  (GDA2020),114.914178  (GDA2020),8m,https://s3-ap-southeast-2.amazonaws.com/transport.wa/WAVERIDER_DEPLOYMENTS/WAVE_READ_ME.htm,https://s3-ap-southeast-2.amazonaws.com/transport.wa/WAVERIDER_DEPLOYMENTS/DeploymentMetadata/DEN05_Metadata.zip,,,http://creativecommons.org/licenses/by/4.0/,Dataset Produced on 10/12/2024 13:52,#Historic,,,
3,Dawesville 01,DAW22,17/04/1985 and 21/10/1986,-32.59832  (GDA2020),115.550844  (GDA2020),25m,https://s3-ap-southeast-2.amazonaws.com/transport.wa/WAVERIDER_DEPLOYMENTS/WAVE_READ_ME.htm,https://s3-ap-southeast-2.amazonaws.com/transport.wa/WAVERIDER_DEPLOYMENTS/DeploymentMetadata/DAW22_Metadata.zip,,https://s3-ap-southeast-2.amazonaws.com/transport.wa/WAVERIDER_DEPLOYMENTS/WaveRider_Yearly_Processed/DAW22_YEARLY_PROCESSED.zip,http://creativecommons.org/licenses/by/4.0/,Dataset Produced on 10/12/2024 13:52,#Historic,,,
4,Rottnest Island 02,RDW47,14/09/2004 and 31/12/2023,-32.098587  (GDA2020),115.408194 (GDA2020),48m,https://s3-ap-southeast-2.amazonaws.com/transport.wa/WAVERIDER_DEPLOYMENTS/WAVE_READ_ME.htm,https://s3-ap-southeast-2.amazonaws.com/transport.wa/WAVERIDER_DEPLOYMENTS/DeploymentMetadata/RDW47_Metadata.zip,http://www.transport.wa.gov.au/imarine/rottnest-island-tide-and-wave.asp,https://s3-ap-southeast-2.amazonaws.com/transport.wa/WAVERIDER_DEPLOYMENTS/WaveRider_Yearly_Processed/RDW47_YEARLY_PROCESSED.zip,http://creativecommons.org/licenses/by/4.0/,Dataset Produced on 10/12/2024 13:52,#Current,https://www.transport.wa.gov.au/imarine/coastaldata/tidesandwaves/live_gfx/RDW_POLD.gif,https://www.transport.wa.gov.au/imarine/coastaldata/tidesandwaves/live_gfx/RDW_WDIR.gif,https://www.transport.wa.gov.au/imarine/coastaldata/tidesandwaves/live_gfx/RDW_Wave.gif
5,Oakagee 01,OAK12,12/03/1980 and 23/09/1981,-28.591098  (GDA2020),114.565844  (GDA2020),15m,https://s3-ap-southeast-2.amazonaws.com/transport.wa/WAVERIDER_DEPLOYMENTS/WAVE_READ_ME.htm,https://s3-ap-southeast-2.amazonaws.com/transport.wa/WAVERIDER_DEPLOYMENTS/DeploymentMetadata/OAK12_Metadata.zip,,,http://creativecommons.org/licenses/by/4.0/,Dataset Produced on 10/12/2024 13:52,#Historic,,,
6,Exmouth,EXM52,"04/10/2006 and 31/12/2011",-21.699431  (GDA2020),114.098621  (GDA2020),54m,https://s3-ap-southeast-2.amazonaws.com/transport.wa/WAVERIDER_DEPLOYMENTS/WAVE_READ_ME.htm,https://s3-ap-southeast-2.amazonaws.com/transport.wa/WAVERIDER_DEPLOYMENTS/DeploymentMetadata/EXM52_Metadata.zip,,https://s3-ap-southeast-2.amazonaws.com/transport.wa/WAVERIDER_DEPLOYMENTS/WaveRider_Yearly_Processed/EXM52_YEARLY_PROCESSED.zip,http://creativecommons.org/licenses/by/4.0/,Dataset Produced on 10/12/2024 13:52,#Historic,,,
7,Bremer Bay 02,BRE35,22/05/1992 and 09/03/1993,-34.423875  (GDA2020),119.405843  (GDA2020),20m,https://s3-ap-southeast-2.amazonaws.com/transport.wa/WAVERIDER_DEPLOYMENTS/WAVE_READ_ME.htm,https://s3-ap-southeast-2.amazonaws.com/transport.wa/WAVERIDER_DEPLOYMENTS/DeploymentMetadata/BRE35_Metadata.zip,,https://s3-ap-southeast-2.amazonaws.com/transport.wa/WAVERIDER_DEPLOYMENTS/WaveRider_Yearly_Processed/BRE35_YEARLY_PROCESSED.zip,http://creativecommons.org/licenses/by/4.0/,Dataset Produced on 10/12/2024 13:52,#Historic,,,
8,Mandurah,MAN54,"03/07/2014 and 31/12/2023",-32.451687  (GDA2020),115.570994 (GDA2020),30m,https://s3-ap-southeast-2.amazonaws.com/transport.wa/WAVERIDER_DEPLOYMENTS/WAVE_READ_ME.htm,https://s3-ap-southeast-2.amazonaws.com/transport.wa/WAVERIDER_DEPLOYMENTS/DeploymentMetadata/MAN54_Metadata.zip,http://www.transport.wa.gov.au/imarine/mandurah-tide-and-wave.asp,https://s3-ap-southeast-2.amazonaws.com/transport.wa/WAVERIDER_DEPLOYMENTS/WaveRider_Yearly_Processed/MAN54_YEARLY_PROCESSED.zip,http://creativecommons.org/licenses/by/4.0/,Dataset Produced on 10/12/2024 13:52,#Current,https://www.transport.wa.gov.au/imarine/coastaldata/tidesandwaves/live_gfx/MDW_POLD.gif,https://www.transport.wa.gov.au/imarine/coastaldata/tidesandwaves/live_gfx/mdw_wdir.gif,https://www.transport.wa.gov.au/imarine/coastaldata/tidesandwaves/live_gfx/mdw_Wave.gif
9,Mullaloo,MUL09,26/05/1977 and 03/03/1978,-31.762209  (GDA2020),115.7239  (GDA2020),7m,https://s3-ap-southeast-2.amazonaws.com/transport.wa/WAVERIDER_DEPLOYMENTS/WAVE_READ_ME.htm,https://s3-ap-southeast-2.amazonaws.com/transport.wa/WAVERIDER_DEPLOYMENTS/DeploymentMetadata/MUL09_Metadata.zip,,,http://creativecommons.org/licenses/by/4.0/,Dataset Produced on 10/12/2024 13:52,#Historic,,,
10,Tantabiddi,TDW55,26/07/2019 and 31/12/2021,-21.892903  (GDA2020),113.929427  (GDA2020),47m,https://s3-ap-southeast-2.amazonaws.com/transport.wa/WAVERIDER_DEPLOYMENTS/WAVE_READ_ME.htm,https://s3.ap-southeast-2.amazonaws.com/transport.wa/WAVERIDER_DEPLOYMENTS/DeploymentMetadata/TDW55_Metadata.zip,,https://s3.ap-southeast-2.amazonaws.com/transport.wa/WAVERIDER_DEPLOYMENTS/WaveRider_Yearly_Processed/TDW55_YEARLY_PROCESSED.zip,http://creativecommons.org/licenses/by/4.0/,Dataset Produced on 10/12/2024 13:52,#Historic,,,
11,Cape Naturaliste 01,NAT43,28/05/1999 and 27/04/2004,-33.362209  (GDA2020),114.775567  (GDA2020),50m,https://s3-ap-southeast-2.amazonaws.com/transport.wa/WAVERIDER_DEPLOYMENTS/WAVE_READ_ME.htm,https://s3-ap-southeast-2.amazonaws.com/transport.wa/WAVERIDER_DEPLOYMENTS/DeploymentMetadata/NAT43_Metadata.zip,,https://s3-ap-southeast-2.amazonaws.com/transport.wa/WAVERIDER_DEPLOYMENTS/WaveRider_Yearly_Processed/NAT43_YEARLY_PROCESSED.zip,http://creativecommons.org/licenses/by/4.0/,Dataset Produced on 10/12/2024 13:52,#Historic,,,
12,Augusta 01,AUG26,14/05/1987 and 02/09/1988,-34.374987  (GDA2020),115.154455  (GDA2020),8m,https://s3-ap-southeast-2.amazonaws.com/transport.wa/WAVERIDER_DEPLOYMENTS/WAVE_READ_ME.htm,https://s3-ap-southeast-2.amazonaws.com/transport.wa/WAVERIDER_DEPLOYMENTS/DeploymentMetadata/AUG26_Metadata.zip,,,http://creativecommons.org/licenses/by/4.0/,Dataset Produced on 10/12/2024 13:52,#Historic,,,
13,Dawesville 02,DAW23,17/04/1985 and 24/08/1985,-32.60582  (GDA2020),115.621955  (GDA2020),10m,https://s3-ap-southeast-2.amazonaws.com/transport.wa/WAVERIDER_DEPLOYMENTS/WAVE_READ_ME.htm,https://s3-ap-southeast-2.amazonaws.com/transport.wa/WAVERIDER_DEPLOYMENTS/DeploymentMetadata/DAW23_Metadata.zip,,https://s3-ap-southeast-2.amazonaws.com/transport.wa/WAVERIDER_DEPLOYMENTS/WaveRider_Yearly_Processed/DAW23_YEARLY_PROCESSED.zip,http://creativecommons.org/licenses/by/4.0/,Dataset Produced on 10/12/2024 13:52,#Historic,,,
14,Kwinana,KWA36,"02/11/1993 and 06/12/1993",-32.242973  (GDA2020),115.754455  (GDA2020),NA,https://s3-ap-southeast-2.amazonaws.com/transport.wa/WAVERIDER_DEPLOYMENTS/WAVE_READ_ME.htm,https://s3-ap-southeast-2.amazonaws.com/transport.wa/WAVERIDER_DEPLOYMENTS/DeploymentMetadata/KWA36_Metadata.zip,,,http://creativecommons.org/licenses/by/4.0/,Dataset Produced on 10/12/2024 13:52,#Historic,,,
15,Ledge Point,LDG45,"05/06/2002 and 18/10/2004",-31.134709  (GDA2020),115.314455  (GDA2020),26m,https://s3-ap-southeast-2.amazonaws.com/transport.wa/WAVERIDER_DEPLOYMENTS/WAVE_READ_ME.htm,https://s3-ap-southeast-2.amazonaws.com/transport.wa/WAVERIDER_DEPLOYMENTS/DeploymentMetadata/LDG45_Metadata.zip,,https://s3-ap-southeast-2.amazonaws.com/transport.wa/WAVERIDER_DEPLOYMENTS/WaveRider_Yearly_Processed/LDG45_YEARLY_PROCESSED.zip,http://creativecommons.org/licenses/by/4.0/,Dataset Produced on 10/12/2024 13:52,#Historic,,,
16,Busselton,BUS07,21/01/1977 and 07/12/1978,-33.601931  (GDA2020),115.275567  (GDA2020),14m,https://s3-ap-southeast-2.amazonaws.com/transport.wa/WAVERIDER_DEPLOYMENTS/WAVE_READ_ME.htm,https://s3-ap-southeast-2.amazonaws.com/transport.wa/WAVERIDER_DEPLOYMENTS/DeploymentMetadata/BUS07_Metadata.zip,,,http://creativecommons.org/licenses/by/4.0/,Dataset Produced on 10/12/2024 13:52,#Historic,,,
17,Albany 03,ALB44A,25/07/2001 and 26/08/2001,-35.061653  (GDA2020),117.981677  (GDA2020),NA,https://s3-ap-southeast-2.amazonaws.com/transport.wa/WAVERIDER_DEPLOYMENTS/WAVE_READ_ME.htm,https://s3-ap-southeast-2.amazonaws.com/transport.wa/WAVERIDER_DEPLOYMENTS/DeploymentMetadata/ALB44A_Metadata.zip,,https://s3-ap-southeast-2.amazonaws.com/transport.wa/WAVERIDER_DEPLOYMENTS/WaveRider_Yearly_Processed/ALB44A_YEARLY_PROCESSED.zip,http://creativecommons.org/licenses/by/4.0/,Dataset Produced on 10/12/2024 13:52,#Historic,,,
18,Cockburn,OAM53,26/02/2008 and 07/10/2014,-32.107765  (GDA2020),115.691678  (GDA2020),14m,https://s3-ap-southeast-2.amazonaws.com/transport.wa/WAVERIDER_DEPLOYMENTS/WAVE_READ_ME.htm,https://s3-ap-southeast-2.amazonaws.com/transport.wa/WAVERIDER_DEPLOYMENTS/DeploymentMetadata/OAM53_Metadata.zip,,https://s3-ap-southeast-2.amazonaws.com/transport.wa/WAVERIDER_DEPLOYMENTS/WaveRider_Yearly_Processed/OAM53_YEARLY_PROCESSED.zip,http://creativecommons.org/licenses/by/4.0/,Dataset Produced on 10/12/2024 13:52,#Historic,,,
19,Esperance 03,ESP49,17/02/2005 and 31/12/2005,-33.840542  (GDA2020),121.932788  (GDA2020),12m,https://s3-ap-southeast-2.amazonaws.com/transport.wa/WAVERIDER_DEPLOYMENTS/WAVE_READ_ME.htm,https://s3-ap-southeast-2.amazonaws.com/transport.wa/WAVERIDER_DEPLOYMENTS/DeploymentMetadata/ESP49_Metadata.zip,,https://s3-ap-southeast-2.amazonaws.com/transport.wa/WAVERIDER_DEPLOYMENTS/WaveRider_Yearly_Processed/ESP49_YEARLY_PROCESSED.zip,http://creativecommons.org/licenses/by/4.0/,Dataset Produced on 10/12/2024 13:52,#Historic,,,
20,Bunbury 02,BUN08,19/04/1977 and 22/12/1981,-33.29832  (GDA2020),115.617789  (GDA2020),16m,https://s3-ap-southeast-2.amazonaws.com/transport.wa/WAVERIDER_DEPLOYMENTS/WAVE_READ_ME.htm,https://s3-ap-southeast-2.amazonaws.com/transport.wa/WAVERIDER_DEPLOYMENTS/DeploymentMetadata/BUN08_Metadata.zip,,,http://creativecommons.org/licenses/by/4.0/,Dataset Produced on 10/12/2024 13:52,#Historic,,,
21,Coral Bay,COR48,22/12/2004 and 30/03/2005,-23.174308  (GDA2020),113.744177  (GDA2020),20m,https://s3-ap-southeast-2.amazonaws.com/transport.wa/WAVERIDER_DEPLOYMENTS/WAVE_READ_ME.htm,https://s3-ap-southeast-2.amazonaws.com/transport.wa/WAVERIDER_DEPLOYMENTS/DeploymentMetadata/COR48_Metadata.zip,,https://s3-ap-southeast-2.amazonaws.com/transport.wa/WAVERIDER_DEPLOYMENTS/WaveRider_Yearly_Processed/COR48_YEARLY_PROCESSED.zip,http://creativecommons.org/licenses/by/4.0/,Dataset Produced on 10/12/2024 13:52,#Historic,,,
22,Geraldton 57,GER57,23/03/2023 and 31/12/2023,-28.916387  (GDA2020),114.383344 (GDA2020),40m,https://s3-ap-southeast-2.amazonaws.com/transport.wa/WAVERIDER_DEPLOYMENTS/WAVE_READ_ME.htm,https://s3.ap-southeast-2.amazonaws.com/transport.wa/WAVERIDER_DEPLOYMENTS/DeploymentMetadata/GER57_Metadata.zip,https://www.transport.wa.gov.au/imarine/geraldton-wave-data.asp,https://s3.ap-southeast-2.amazonaws.com/transport.wa/WAVERIDER_DEPLOYMENTS/WaveRider_Yearly_Processed/GER57_YEARLY_PROCESSED.zip,http://creativecommons.org/licenses/by/4.0/,Dataset Produced on 10/12/2024 13:52,#Current,https://www.transport.wa.gov.au/imarine/coastaldata/tidesandwaves/live_gfx/GOW_POLD.GIF,https://www.transport.wa.gov.au/imarine/coastaldata/tidesandwaves/live_gfx/GOW_WDIR.gif,https://www.transport.wa.gov.au/imarine/coastaldata/tidesandwaves/live_gfx/GOW_Wave.gif
23,Rottnest Island 01,ROT33,17/08/1999 and 31/12/2004,-32.111376  (GDA2020),115.401955  (GDA2020),48m,https://s3-ap-southeast-2.amazonaws.com/transport.wa/WAVERIDER_DEPLOYMENTS/WAVE_READ_ME.htm,https://s3-ap-southeast-2.amazonaws.com/transport.wa/WAVERIDER_DEPLOYMENTS/DeploymentMetadata/ROT33_Metadata.zip,,https://s3-ap-southeast-2.amazonaws.com/transport.wa/WAVERIDER_DEPLOYMENTS/WaveRider_Yearly_Processed/ROT33_YEARLY_PROCESSED.zip,http://creativecommons.org/licenses/by/4.0/,Dataset Produced on 10/12/2024 13:52,#Historic,,,
24,Esperance 01,ESP11,21/02/1980 and 04/03/1981,-33.840542  (GDA2020),121.932788  (GDA2020),12m,https://s3-ap-southeast-2.amazonaws.com/transport.wa/WAVERIDER_DEPLOYMENTS/WAVE_READ_ME.htm,https://s3-ap-southeast-2.amazonaws.com/transport.wa/WAVERIDER_DEPLOYMENTS/DeploymentMetadata/ESP11_Metadata.zip,,,http://creativecommons.org/licenses/by/4.0/,Dataset Produced on 10/12/2024 13:52,#Historic,,,
25,Cape Naturaliste 02,NAT46,28/04/2004 and 31/12/2023,-33.525587  (GDA2020),114.772211 (GDA2020),50m,https://s3-ap-southeast-2.amazonaws.com/transport.wa/WAVERIDER_DEPLOYMENTS/WAVE_READ_ME.htm,https://s3-ap-southeast-2.amazonaws.com/transport.wa/WAVERIDER_DEPLOYMENTS/DeploymentMetadata/NAT46_Metadata.zip,http://www.transport.wa.gov.au/imarine/naturaliste-tide-and-wave.asp,https://s3-ap-southeast-2.amazonaws.com/transport.wa/WAVERIDER_DEPLOYMENTS/WaveRider_Yearly_Processed/NAT46_YEARLY_PROCESSED.zip,http://creativecommons.org/licenses/by/4.0/,Dataset Produced on 10/12/2024 13:52,#Current,https://www.transport.wa.gov.au/imarine/coastaldata/tidesandwaves/live_gfx/DWN_POLD.gif,https://www.transport.wa.gov.au/imarine/coastaldata/tidesandwaves/live_gfx/DWN_WDIR.gif,https://www.transport.wa.gov.au/imarine/coastaldata/tidesandwaves/live_gfx/DWN_Wave.gif
26,Ningaloo,NIN27,12/08/1987 and 01/10/1988,-22.562487  (GDA2020),113.65001  (GDA2020),47m,https://s3-ap-southeast-2.amazonaws.com/transport.wa/WAVERIDER_DEPLOYMENTS/WAVE_READ_ME.htm,https://s3-ap-southeast-2.amazonaws.com/transport.wa/WAVERIDER_DEPLOYMENTS/DeploymentMetadata/NIN27_Metadata.zip,,https://s3-ap-southeast-2.amazonaws.com/transport.wa/WAVERIDER_DEPLOYMENTS/WaveRider_Yearly_Processed/NIN27_YEARLY_PROCESSED.zip,http://creativecommons.org/licenses/by/4.0/,Dataset Produced on 10/12/2024 13:52,#Historic,,,
27,Albany 04,ALB50,26/07/2005 and 31/12/2023,-35.194887  (GDA2020),117.723994 (GDA2020),60m,https://s3-ap-southeast-2.amazonaws.com/transport.wa/WAVERIDER_DEPLOYMENTS/WAVE_READ_ME.htm,https://s3-ap-southeast-2.amazonaws.com/transport.wa/WAVERIDER_DEPLOYMENTS/DeploymentMetadata/ALB50_Metadata.zip,http://www.transport.wa.gov.au/imarine/Albany-tide-and-wave.asp,https://s3-ap-southeast-2.amazonaws.com/transport.wa/WAVERIDER_DEPLOYMENTS/WaveRider_Yearly_Processed/ALB50_YEARLY_PROCESSED.zip,http://creativecommons.org/licenses/by/4.0/,Dataset Produced on 10/12/2024 13:52,#Current,https://www.transport.wa.gov.au/imarine/coastaldata/tidesandwaves/live_gfx/DWA_POLD.GIF,https://www.transport.wa.gov.au/imarine/coastaldata/tidesandwaves/live_gfx/DWA_WDIR.gif,https://www.transport.wa.gov.au/imarine/coastaldata/tidesandwaves/live_gfx/DWA_Wave.gif
28,Geraldton 04,GER19,29/12/1983 and 19/01/1985,-28.75832  (GDA2020),114.583622  (GDA2020),10m,https://s3-ap-southeast-2.amazonaws.com/transport.wa/WAVERIDER_DEPLOYMENTS/WAVE_READ_ME.htm,https://s3-ap-southeast-2.amazonaws.com/transport.wa/WAVERIDER_DEPLOYMENTS/DeploymentMetadata/GER19_Metadata.zip,,https://s3-ap-southeast-2.amazonaws.com/transport.wa/WAVERIDER_DEPLOYMENTS/WaveRider_Yearly_Processed/GER19_YEARLY_PROCESSED.zip,http://creativecommons.org/licenses/by/4.0/,Dataset Produced on 10/12/2024 13:52,#Historic,,,
29,Geraldton 05,GER20,29/12/1983 and 31/12/1984,-28.765265  (GDA2020),114.598622  (GDA2020),6m,https://s3-ap-southeast-2.amazonaws.com/transport.wa/WAVERIDER_DEPLOYMENTS/WAVE_READ_ME.htm,https://s3-ap-southeast-2.amazonaws.com/transport.wa/WAVERIDER_DEPLOYMENTS/DeploymentMetadata/GER20_Metadata.zip,,https://s3-ap-southeast-2.amazonaws.com/transport.wa/WAVERIDER_DEPLOYMENTS/WaveRider_Yearly_Processed/GER20_YEARLY_PROCESSED.zip,http://creativecommons.org/licenses/by/4.0/,Dataset Produced on 10/12/2024 13:52,#Historic,,,
30,Augusta 03,AUG32,12/01/1989 and 15/08/1990,-34.327487  (GDA2020),115.212789  (GDA2020),13m,https://s3-ap-southeast-2.amazonaws.com/transport.wa/WAVERIDER_DEPLOYMENTS/WAVE_READ_ME.htm,https://s3-ap-southeast-2.amazonaws.com/transport.wa/WAVERIDER_DEPLOYMENTS/DeploymentMetadata/AUG32_Metadata.zip,,https://s3-ap-southeast-2.amazonaws.com/transport.wa/WAVERIDER_DEPLOYMENTS/WaveRider_Yearly_Processed/AUG32_YEARLY_PROCESSED.zip,http://creativecommons.org/licenses/by/4.0/,Dataset Produced on 10/12/2024 13:52,#Historic,,,
31,Geraldton 02,GER10,13/03/1980 and 01/01/1985,-28.756098  (GDA2020),114.567233  (GDA2020),12m,https://s3-ap-southeast-2.amazonaws.com/transport.wa/WAVERIDER_DEPLOYMENTS/WAVE_READ_ME.htm,https://s3-ap-southeast-2.amazonaws.com/transport.wa/WAVERIDER_DEPLOYMENTS/DeploymentMetadata/GER10_Metadata.zip,,,http://creativecommons.org/licenses/by/4.0/,Dataset Produced on 10/12/2024 13:52,#Historic,,,
32,Geraldton 01,GER06,16/12/1976 and 09/02/1978,-28.757765  (GDA2020),114.536678  (GDA2020),10m,https://s3-ap-southeast-2.amazonaws.com/transport.wa/WAVERIDER_DEPLOYMENTS/WAVE_READ_ME.htm,https://s3-ap-southeast-2.amazonaws.com/transport.wa/WAVERIDER_DEPLOYMENTS/DeploymentMetadata/GER06_Metadata.zip,,,http://creativecommons.org/licenses/by/4.0/,Dataset Produced on 10/12/2024 13:52,#Historic,,,
33,Cottesloe,DCH38,"04/09/1999 and 31/12/2023",-31.979687  (GDA2020),115.689644 (GDA2020),17m,https://s3-ap-southeast-2.amazonaws.com/transport.wa/WAVERIDER_DEPLOYMENTS/WAVE_READ_ME.htm,https://s3-ap-southeast-2.amazonaws.com/transport.wa/WAVERIDER_DEPLOYMENTS/DeploymentMetadata/DCH38_Metadata.zip,http://www.transport.wa.gov.au/imarine/cottesloe-tide-and-wave.asp,https://s3-ap-southeast-2.amazonaws.com/transport.wa/WAVERIDER_DEPLOYMENTS/WaveRider_Yearly_Processed/DCH38_YEARLY_PROCESSED.zip,http://creativecommons.org/licenses/by/4.0/,Dataset Produced on 10/12/2024 13:52,#Current,https://www.transport.wa.gov.au/imarine/coastaldata/tidesandwaves/live_gfx/DWM_POLD.gif,https://www.transport.wa.gov.au/imarine/coastaldata/tidesandwaves/live_gfx/DWM_wdir.gif,https://www.transport.wa.gov.au/imarine/coastaldata/tidesandwaves/live_gfx/DWM_WAVE.gif
34,Sorrento,SOR21,"07/06/1984 and 17/10/1984",-31.826654  (GDA2020),115.726678  (GDA2020),8m,https://s3-ap-southeast-2.amazonaws.com/transport.wa/WAVERIDER_DEPLOYMENTS/WAVE_READ_ME.htm,https://s3-ap-southeast-2.amazonaws.com/transport.wa/WAVERIDER_DEPLOYMENTS/DeploymentMetadata/SOR21_Metadata.zip,,,http://creativecommons.org/licenses/by/4.0/,Dataset Produced on 10/12/2024 13:52,#Historic,,,
35,Augusta 02,AUG30,"02/09/1988 and 22/02/1990",-34.366376  (GDA2020),115.169455  (GDA2020),10m,https://s3-ap-southeast-2.amazonaws.com/transport.wa/WAVERIDER_DEPLOYMENTS/WAVE_READ_ME.htm,https://s3-ap-southeast-2.amazonaws.com/transport.wa/WAVERIDER_DEPLOYMENTS/DeploymentMetadata/AUG30_Metadata.zip,,,http://creativecommons.org/licenses/by/4.0/,Dataset Produced on 10/12/2024 13:52,#Historic,,,
36,Guilderton 01,GUI28,11/04/1988 and 03/12/1988,-31.404709  (GDA2020),115.427789  (GDA2020),33m,https://s3-ap-southeast-2.amazonaws.com/transport.wa/WAVERIDER_DEPLOYMENTS/WAVE_READ_ME.htm,https://s3-ap-southeast-2.amazonaws.com/transport.wa/WAVERIDER_DEPLOYMENTS/DeploymentMetadata/GUI28_Metadata.zip,,https://s3-ap-southeast-2.amazonaws.com/transport.wa/WAVERIDER_DEPLOYMENTS/WaveRider_Yearly_Processed/GUI28_YEARLY_PROCESSED.zip,http://creativecommons.org/licenses/by/4.0/,Dataset Produced on 10/12/2024 13:52,#Historic,,,
37,Rockey Point,ROC13,14/03/1979 and 01/05/1981,-33.549431  (GDA2020),115.059455  (GDA2020),7m,https://s3-ap-southeast-2.amazonaws.com/transport.wa/WAVERIDER_DEPLOYMENTS/WAVE_READ_ME.htm,https://s3-ap-southeast-2.amazonaws.com/transport.wa/WAVERIDER_DEPLOYMENTS/DeploymentMetadata/ROC13_Metadata.zip,,,http://creativecommons.org/licenses/by/4.0/,Dataset Produced on 10/12/2024 13:52,#Historic,,,
38,Jurien Bay 02,JUR40,27/10/1997 and 31/12/2023,-30.292687  (GDA2020),114.912827 (GDA2020),42m,https://s3-ap-southeast-2.amazonaws.com/transport.wa/WAVERIDER_DEPLOYMENTS/WAVE_READ_ME.htm,https://s3-ap-southeast-2.amazonaws.com/transport.wa/WAVERIDER_DEPLOYMENTS/DeploymentMetadata/JUR40_Metadata.zip,http://www.transport.wa.gov.au/imarine/jurien-bay-tide-and-wave.asp,https://s3-ap-southeast-2.amazonaws.com/transport.wa/WAVERIDER_DEPLOYMENTS/WaveRider_Yearly_Processed/JUR40_YEARLY_PROCESSED.zip,http://creativecommons.org/licenses/by/4.0/,Dataset Produced on 10/12/2024 13:52,#Current,https://www.transport.wa.gov.au/imarine/coastaldata/tidesandwaves/live_gfx/DWJ_POLD.GIF,https://www.transport.wa.gov.au/imarine/coastaldata/tidesandwaves/live_gfx/DWJ_WDIR.gif,https://www.transport.wa.gov.au/imarine/coastaldata/tidesandwaves/live_gfx/DWJ_Wave.gif
39,Denison 01,DEN02,29/07/1974 and 28/10/1975,-29.261931  (GDA2020),114.847233  (GDA2020),20m,https://s3-ap-southeast-2.amazonaws.com/transport.wa/WAVERIDER_DEPLOYMENTS/WAVE_READ_ME.htm,https://s3-ap-southeast-2.amazonaws.com/transport.wa/WAVERIDER_DEPLOYMENTS/DeploymentMetadata/DEN02_Metadata.zip,,,http://creativecommons.org/licenses/by/4.0/,Dataset Produced on 10/12/2024 13:52,#Historic,,,
40,Esperance 04,ESP51,18/06/2006 and 31/12/2023,-33.999786  (GDA2020),121.900693 (GDA2020),52m,https://s3-ap-southeast-2.amazonaws.com/transport.wa/WAVERIDER_DEPLOYMENTS/WAVE_READ_ME.htm,https://s3-ap-southeast-2.amazonaws.com/transport.wa/WAVERIDER_DEPLOYMENTS/DeploymentMetadata/ESP51_Metadata.zip,http://www.transport.wa.gov.au/imarine/esperance-tide-and-wave.asp,https://s3-ap-southeast-2.amazonaws.com/transport.wa/WAVERIDER_DEPLOYMENTS/WaveRider_Yearly_Processed/ESP51_YEARLY_PROCESSED.zip,http://creativecommons.org/licenses/by/4.0/,Dataset Produced on 10/12/2024 13:52,#Current,https://www.transport.wa.gov.au/imarine/coastaldata/tidesandwaves/live_gfx/DWE_POLD.gif,https://www.transport.wa.gov.au/imarine/coastaldata/tidesandwaves/live_gfx/DWE_WDIR.gif,https://www.transport.wa.gov.au/imarine/coastaldata/tidesandwaves/live_gfx/DWE_Wave.gif
41,Jurien Bay 01,JUR14,18/03/1981 and 23/09/1982,-30.292209  (GDA2020),115.033622  (GDA2020),11.5m,https://s3-ap-southeast-2.amazonaws.com/transport.wa/WAVERIDER_DEPLOYMENTS/WAVE_READ_ME.htm,https://s3-ap-southeast-2.amazonaws.com/transport.wa/WAVERIDER_DEPLOYMENTS/DeploymentMetadata/JUR14_Metadata.zip,,,http://creativecommons.org/licenses/by/4.0/,Dataset Produced on 10/12/2024 13:52,#Historic,,,
42,Albany 01,ALB15,24/06/1981 and 12/09/1983,-35.031376  (GDA2020),117.941955  (GDA2020),13m,https://s3-ap-southeast-2.amazonaws.com/transport.wa/WAVERIDER_DEPLOYMENTS/WAVE_READ_ME.htm,https://s3-ap-southeast-2.amazonaws.com/transport.wa/WAVERIDER_DEPLOYMENTS/DeploymentMetadata/ALB15_Metadata.zip,,,http://creativecommons.org/licenses/by/4.0/,Dataset Produced on 10/12/2024 13:52,#Historic,,,
43,Fremantle,FRE01,"05/06/1974 and 24/02/1975",-32.062209  (GDA2020),115.724455  (GDA2020),7m,https://s3-ap-southeast-2.amazonaws.com/transport.wa/WAVERIDER_DEPLOYMENTS/WAVE_READ_ME.htm,https://s3-ap-southeast-2.amazonaws.com/transport.wa/WAVERIDER_DEPLOYMENTS/DeploymentMetadata/FRE01_Metadata.zip,,,http://creativecommons.org/licenses/by/4.0/,Dataset Produced on 10/12/2024 13:52,#Historic,,,
44,Dawesville 03,DAW24,17/04/1985 and 23/04/1987,-32.100543  (GDA2020),115.626678  (GDA2020),10m,https://s3-ap-southeast-2.amazonaws.com/transport.wa/WAVERIDER_DEPLOYMENTS/WAVE_READ_ME.htm,https://s3-ap-southeast-2.amazonaws.com/transport.wa/WAVERIDER_DEPLOYMENTS/DeploymentMetadata/DAW24_Metadata.zip,,https://s3-ap-southeast-2.amazonaws.com/transport.wa/WAVERIDER_DEPLOYMENTS/WaveRider_Yearly_Processed/DAW24_YEARLY_PROCESSED.zip,http://creativecommons.org/licenses/by/4.0/,Dataset Produced on 10/12/2024 13:52,#Historic,,,
45,Geraldton 03,GER18,29/12/1983 and 19/01/1985,-28.758876  (GDA2020),114.535567  (GDA2020),27m,https://s3-ap-southeast-2.amazonaws.com/transport.wa/WAVERIDER_DEPLOYMENTS/WAVE_READ_ME.htm,https://s3-ap-southeast-2.amazonaws.com/transport.wa/WAVERIDER_DEPLOYMENTS/DeploymentMetadata/GER18_Metadata.zip,,https://s3-ap-southeast-2.amazonaws.com/transport.wa/WAVERIDER_DEPLOYMENTS/WaveRider_Yearly_Processed/GER18_YEARLY_PROCESSED.zip,http://creativecommons.org/licenses/by/4.0/,Dataset Produced on 10/12/2024 13:52,#Historic,,,
46,Albany 02,ALB44,26/07/2001 and 21/03/2002,-35.031654  (GDA2020),117.941678  (GDA2020),13m,https://s3-ap-southeast-2.amazonaws.com/transport.wa/WAVERIDER_DEPLOYMENTS/WAVE_READ_ME.htm,https://s3-ap-southeast-2.amazonaws.com/transport.wa/WAVERIDER_DEPLOYMENTS/DeploymentMetadata/ALB44_Metadata.zip,,https://s3-ap-southeast-2.amazonaws.com/transport.wa/WAVERIDER_DEPLOYMENTS/WaveRider_Yearly_Processed/ALB44_YEARLY_PROCESSED.zip,http://creativecommons.org/licenses/by/4.0/,Dataset Produced on 10/12/2024 13:52,#Historic,,,
47,Esperance 02,ESP16,13/12/1982 and 20/12/1983,-33.933319  (GDA2020),121.958343  (GDA2020),47m,https://s3-ap-southeast-2.amazonaws.com/transport.wa/WAVERIDER_DEPLOYMENTS/WAVE_READ_ME.htm,https://s3-ap-southeast-2.amazonaws.com/transport.wa/WAVERIDER_DEPLOYMENTS/DeploymentMetadata/ESP16_Metadata.zip,,https://s3-ap-southeast-2.amazonaws.com/transport.wa/WAVERIDER_DEPLOYMENTS/WaveRider_Yearly_Processed/ESP16_YEARLY_PROCESSED.zip,http://creativecommons.org/licenses/by/4.0/,Dataset Produced on 10/12/2024 13:52,#Historic,,,
48,Hillarys,HIL25,31/03/1987 and 20/05/1987,-31.828876  (GDA2020),115.730289  (GDA2020),6m,https://s3-ap-southeast-2.amazonaws.com/transport.wa/WAVERIDER_DEPLOYMENTS/WAVE_READ_ME.htm,https://s3-ap-southeast-2.amazonaws.com/transport.wa/WAVERIDER_DEPLOYMENTS/DeploymentMetadata/HIL25_Metadata.zip,,,http://creativecommons.org/licenses/by/4.0/,Dataset Produced on 10/12/2024 13:52,#Historic,,,
49,Bremer Bay 03,BRE56,20/12/2022 and 31/12/2023,-34.540986  (GDA2020),119.49661 (GDA2020),64m,https://s3-ap-southeast-2.amazonaws.com/transport.wa/WAVERIDER_DEPLOYMENTS/WAVE_READ_ME.htm,https://s3.ap-southeast-2.amazonaws.com/transport.wa/WAVERIDER_DEPLOYMENTS/DeploymentMetadata/BRE56_Metadata.zip,https://www.transport.wa.gov.au/imarine/bremer-bay-wave-data.asp,https://s3.ap-southeast-2.amazonaws.com/transport.wa/WAVERIDER_DEPLOYMENTS/WaveRider_Yearly_Processed/BDW56_YEARLY_PROCESSED.zip,http://creativecommons.org/licenses/by/4.0/,Dataset Produced on 10/12/2024 13:52,#Current,https://www.transport.wa.gov.au/imarine/coastaldata/tidesandwaves/live_gfx/BBO_POLD.GIF,https://www.transport.wa.gov.au/imarine/coastaldata/tidesandwaves/live_gfx/BBO_WDIR.GIF,https://www.transport.wa.gov.au/imarine/coastaldata/tidesandwaves/live_gfx/BBO_WAVE.GIF
50,Oakagee 02,OAK42,"03/06/1998 and 14/12/2000",-28.590543  (GDA2020),114.565844  (GDA2020),18m,https://s3-ap-southeast-2.amazonaws.com/transport.wa/WAVERIDER_DEPLOYMENTS/WAVE_READ_ME.htm,https://s3-ap-southeast-2.amazonaws.com/transport.wa/WAVERIDER_DEPLOYMENTS/DeploymentMetadata/OAK42_Metadata.zip,,https://s3-ap-southeast-2.amazonaws.com/transport.wa/WAVERIDER_DEPLOYMENTS/WaveRider_Yearly_Processed/OAK42_YEARLY_PROCESSED.zip,http://creativecommons.org/licenses/by/4.0/,Dataset Produced on 10/12/2024 13:52,#Historic,,,
51,Guilderton 02,GUI29,11/04/1988 and 19/07/1988,-31.359709  (GDA2020),115.481955  (GDA2020),10m,https://s3-ap-southeast-2.amazonaws.com/transport.wa/WAVERIDER_DEPLOYMENTS/WAVE_READ_ME.htm,https://s3-ap-southeast-2.amazonaws.com/transport.wa/WAVERIDER_DEPLOYMENTS/DeploymentMetadata/GUI29_Metadata.zip,,https://s3-ap-southeast-2.amazonaws.com/transport.wa/WAVERIDER_DEPLOYMENTS/WaveRider_Yearly_Processed/GUI29_YEARLY_PROCESSED.zip,http://creativecommons.org/licenses/by/4.0/,Dataset Produced on 10/12/2024 13:52,#Historic,,,
52,Denison 02,DEN04,15/07/1975 and 06/07/1976,-29.272765  (GDA2020),114.905844  (GDA2020),14m,https://s3-ap-southeast-2.amazonaws.com/transport.wa/WAVERIDER_DEPLOYMENTS/WAVE_READ_ME.htm,https://s3-ap-southeast-2.amazonaws.com/transport.wa/WAVERIDER_DEPLOYMENTS/DeploymentMetadata/DEN04_Metadata.zip,,,http://creativecommons.org/licenses/by/4.0/,Dataset Produced on 10/12/2024 13:52,#Historic,,,
53,Bunbury 01,BUN03,"05/03/1975 and 03/06/1976",-33.296654  (GDA2020),115.621122  (GDA2020),16m,https://s3-ap-southeast-2.amazonaws.com/transport.wa/WAVERIDER_DEPLOYMENTS/WAVE_READ_ME.htm,https://s3-ap-southeast-2.amazonaws.com/transport.wa/WAVERIDER_DEPLOYMENTS/DeploymentMetadata/BUN03_Metadata.zip,,,http://creativecommons.org/licenses/by/4.0/,Dataset Produced on 10/12/2024 13:52,#Historic,,,
